/data/synt2real_black_bg/trainA/0.png,/data/synt2real_black_bg/trainB/0008944_ladies-vogue-blouse-short-sleeve_600.png
/data/synt2real_black_bg/trainA/10.png,/data/synt2real_black_bg/trainB/0009249_ladies-brushed-cotton-twill-blouse-long-sleeve.png
/data/synt2real_black_bg/trainA/100.png,/data/synt2real_black_bg/trainB/0009252_ladies-brushed-cotton-twill-blouse-long-sleeve.png
/data/synt2real_black_bg/trainA/101.png,/data/synt2real_black_bg/trainB/0009253_ladies-brushed-cotton-twill-blouse-long-sleeve.png
/data/synt2real_black_bg/trainA/102.png,/data/synt2real_black_bg/trainB/0021638_ladies-statement-classic-pants.png
/data/synt2real_black_bg/trainA/103.png,/data/synt2real_black_bg/trainB/0021639_ladies-statement-classic-pants.png
/data/synt2real_black_bg/trainA/104.png,/data/synt2real_black_bg/trainB/0021672_5-pocket-chino.png
/data/synt2real_black_bg/trainA/105.png,/data/synt2real_black_bg/trainB/0021928_dynamic-fleece.png
/data/synt2real_black_bg/trainA/106.png,/data/synt2real_black_bg/trainB/0025891_ladies-outback-blouse_600.png
/data/synt2real_black_bg/trainA/107.png,/data/synt2real_black_bg/trainB/0026242_ladies-orchid-blouse_600.png
/data/synt2real_black_bg/trainA/108.png,/data/synt2real_black_bg/trainB/0026269_ladies-oasis-blouse.png
/data/synt2real_black_bg/trainA/109.png,/data/synt2real_black_bg/trainB/0026277_ladies-donna-blouse-long-sleeve_600.png
/data/synt2real_black_bg/trainA/11.png,/data/synt2real_black_bg/trainB/0026431_cargo-pants.png
/data/synt2real_black_bg/trainA/110.png,/data/synt2real_black_bg/trainB/0026432_cargo-pants.png
/data/synt2real_black_bg/trainA/111.png,/data/synt2real_black_bg/trainB/0029605_brighton-hooded-sweater.png
/data/synt2real_black_bg/trainA/112.png,/data/synt2real_black_bg/trainB/0029613_track-hooded-sweater.png
/data/synt2real_black_bg/trainA/113.png,/data/synt2real_black_bg/trainB/0030075_brt-ladies-reflect-shorts.png
/data/synt2real_black_bg/trainA/114.png,/data/synt2real_black_bg/trainB/0030076_brt-ladies-reflect-shorts.png
/data/synt2real_black_bg/trainA/115.png,/data/synt2real_black_bg/trainB/0030082_brt-reflect-shorts.png
/data/synt2real_black_bg/trainA/116.png,/data/synt2real_black_bg/trainB/0030085_brt-reflect-shorts.png
/data/synt2real_black_bg/trainA/117.png,/data/synt2real_black_bg/trainB/005DE1345920CC34F8F399A18D0F793E.png
/data/synt2real_black_bg/trainA/118.png,/data/synt2real_black_bg/trainB/0129307-15762__85210.png
/data/synt2real_black_bg/trainA/119.png,/data/synt2real_black_bg/trainB/01CBB4C3F6D4F1A011220076D024B4EB.png
/data/synt2real_black_bg/trainA/12.png,/data/synt2real_black_bg/trainB/07130CB66C475B1C8B874B4392B44C55.png
/data/synt2real_black_bg/trainA/120.png,/data/synt2real_black_bg/trainB/09D8A3D67AA88603B10525404B6B0E46.png
/data/synt2real_black_bg/trainA/121.png,/data/synt2real_black_bg/trainB/09EFB5DCFFD513CE11ECE5C1060A64CF.png
/data/synt2real_black_bg/trainA/122.png,/data/synt2real_black_bg/trainB/0bb552eca2a742c047e450236f0121fe.png
/data/synt2real_black_bg/trainA/124.png,/data/synt2real_black_bg/trainB/0bbbe8aa6abd08af45bc861aafdd8428.png
/data/synt2real_black_bg/trainA/125.png,/data/synt2real_black_bg/trainB/0BBF4F5F87C90C2CFB8877FE7AF845F9.png
/data/synt2real_black_bg/trainA/126.png,/data/synt2real_black_bg/trainB/0C102D6523AE1C782144BB618305BDC7.png
/data/synt2real_black_bg/trainA/127.png,/data/synt2real_black_bg/trainB/0f4954d617a030370c4c7ebd17c09121_1.png
/data/synt2real_black_bg/trainA/128.png,/data/synt2real_black_bg/trainB/0FAE2F7B24FF5646F6D38E5F18AC3876.png
/data/synt2real_black_bg/trainA/129.png,/data/synt2real_black_bg/trainB/0FE93772CB43203779CCA1456F445856.png
/data/synt2real_black_bg/trainA/13.png,/data/synt2real_black_bg/trainB/1-96.png
/data/synt2real_black_bg/trainA/130.png,/data/synt2real_black_bg/trainB/100961.png
/data/synt2real_black_bg/trainA/131.png,/data/synt2real_black_bg/trainB/1066_THOMAS_5684_CHEC_DESTROY_01.png
/data/synt2real_black_bg/trainA/132.png,/data/synt2real_black_bg/trainB/1070_NEW_SOL_5588_MICRO_MAN_02.png
/data/synt2real_black_bg/trainA/133.png,/data/synt2real_black_bg/trainB/1082_ROBIN_(M)_5650_HOODIE_STITCH_04.png
/data/synt2real_black_bg/trainA/134.png,/data/synt2real_black_bg/trainB/10bb3e971e3a2982369afe33d99a8adacff93324.png
/data/synt2real_black_bg/trainA/135.png,/data/synt2real_black_bg/trainB/10F235D2CE583E2A9D3E655629D33C81.png
/data/synt2real_black_bg/trainA/136.png,/data/synt2real_black_bg/trainB/1185A11471E1C7EBFB47D9683E7BFDDF.png
/data/synt2real_black_bg/trainA/137.png,/data/synt2real_black_bg/trainB/127F5356FA1AD61F9117FD847F87D843.png
/data/synt2real_black_bg/trainA/138.png,/data/synt2real_black_bg/trainB/13ab2f487055e9f860843f402388a9e8_1.png
/data/synt2real_black_bg/trainA/139.png,/data/synt2real_black_bg/trainB/15-a-shirt-a-chambray-shirt-and-a-tweed-coat-with-a-hood.png
/data/synt2real_black_bg/trainA/14.png,/data/synt2real_black_bg/trainB/15098587-PcbMIOCd.png
/data/synt2real_black_bg/trainA/140.png,/data/synt2real_black_bg/trainB/151990318505992791-fantasy-printed-tshirt.png
/data/synt2real_black_bg/trainA/141.png,/data/synt2real_black_bg/trainB/151990399185305555-trackpant-knee-zip.png
/data/synt2real_black_bg/trainA/142.png,/data/synt2real_black_bg/trainB/15e07052481dd1b79a5084209c5b37c1.png
/data/synt2real_black_bg/trainA/143.png,/data/synt2real_black_bg/trainB/1621-031--NAVY_2.png
/data/synt2real_black_bg/trainA/144.png,/data/synt2real_black_bg/trainB/1621-507--Navy_2.png
/data/synt2real_black_bg/trainA/145.png,/data/synt2real_black_bg/trainB/16239006-qHaAaPd8.png
/data/synt2real_black_bg/trainA/146.png,/data/synt2real_black_bg/trainB/163929843B38062B18860EF13DBAF98D.png
/data/synt2real_black_bg/trainA/147.png,/data/synt2real_black_bg/trainB/16F11426AA26279CBD86C01338066FFE.png
/data/synt2real_black_bg/trainA/148.png,/data/synt2real_black_bg/trainB/1721-436--BLACK_MATT_2.png
/data/synt2real_black_bg/trainA/15.png,/data/synt2real_black_bg/trainB/17238940-BGXJM4Qj.png
/data/synt2real_black_bg/trainA/150.png,/data/synt2real_black_bg/trainB/17CJKX03_BLU_MODEL_1.png
/data/synt2real_black_bg/trainA/151.png,/data/synt2real_black_bg/trainB/180224_LALIGNE_19240_22e2104a-3d58-427a-aea4-75cb130cb112.png
/data/synt2real_black_bg/trainA/152.png,/data/synt2real_black_bg/trainB/19469EF3E69F4AF830E5DC792A72BBD9.png
/data/synt2real_black_bg/trainA/153.png,/data/synt2real_black_bg/trainB/198538372301CAF6F7CC9E64439AA358.png
/data/synt2real_black_bg/trainA/154.png,/data/synt2real_black_bg/trainB/1b35fd1d268999b11f4a10396d821d27.png
/data/synt2real_black_bg/trainA/155.png,/data/synt2real_black_bg/trainB/1b3c400092e5e76ec38e4dff5302660c.png
/data/synt2real_black_bg/trainA/156.png,/data/synt2real_black_bg/trainB/1c361caa17727620194e555c2e7ba0be.png
/data/synt2real_black_bg/trainA/157.png,/data/synt2real_black_bg/trainB/1CA97E36B887B16A5FF9647ED134ED90.png
/data/synt2real_black_bg/trainA/158.png,/data/synt2real_black_bg/trainB/1d71ddeffaa11bb59387cfa86d8e9273.png
/data/synt2real_black_bg/trainA/159.png,/data/synt2real_black_bg/trainB/1d9b7f9f90e32abf087d668ce0602454.png
/data/synt2real_black_bg/trainA/16.png,/data/synt2real_black_bg/trainB/1db18473982d38c330b60c11f7ebdebd.png
/data/synt2real_black_bg/trainA/160.png,/data/synt2real_black_bg/trainB/1eddaa8e821a17990e5b1221fb577fc9.png
/data/synt2real_black_bg/trainA/161.png,/data/synt2real_black_bg/trainB/1fa5590dc9be3f5215d661ec81e4e569.png
/data/synt2real_black_bg/trainA/162.png,/data/synt2real_black_bg/trainB/200001428_9126_alt3.png
/data/synt2real_black_bg/trainA/163.png,/data/synt2real_black_bg/trainB/200870827_9308_alt3.png
/data/synt2real_black_bg/trainA/164.png,/data/synt2real_black_bg/trainB/20180731_SPM_Box_Denim_380x830_4.png
/data/synt2real_black_bg/trainA/165.png,/data/synt2real_black_bg/trainB/2022eb145b56c72641c4af5a9ec23650.png
/data/synt2real_black_bg/trainA/166.png,/data/synt2real_black_bg/trainB/203445A2305837D71AA443F68E5B404E.png
/data/synt2real_black_bg/trainA/167.png,/data/synt2real_black_bg/trainB/208766.png
/data/synt2real_black_bg/trainA/168.png,/data/synt2real_black_bg/trainB/208854.png
/data/synt2real_black_bg/trainA/169.png,/data/synt2real_black_bg/trainB/209137.png
/data/synt2real_black_bg/trainA/17.png,/data/synt2real_black_bg/trainB/210F9562FABE485164D71BF0562370AD.png
/data/synt2real_black_bg/trainA/170.png,/data/synt2real_black_bg/trainB/211171.png
/data/synt2real_black_bg/trainA/171.png,/data/synt2real_black_bg/trainB/213205.png
/data/synt2real_black_bg/trainA/172.png,/data/synt2real_black_bg/trainB/213221.png
/data/synt2real_black_bg/trainA/173.png,/data/synt2real_black_bg/trainB/213246.png
/data/synt2real_black_bg/trainA/174.png,/data/synt2real_black_bg/trainB/213346.png
/data/synt2real_black_bg/trainA/175.png,/data/synt2real_black_bg/trainB/214359.png
/data/synt2real_black_bg/trainA/176.png,/data/synt2real_black_bg/trainB/2155-Marbella_C-5410-Caden-Vintage.png
/data/synt2real_black_bg/trainA/177.png,/data/synt2real_black_bg/trainB/215661.png
/data/synt2real_black_bg/trainA/178.png,/data/synt2real_black_bg/trainB/215734.png
/data/synt2real_black_bg/trainA/179.png,/data/synt2real_black_bg/trainB/218910.png
/data/synt2real_black_bg/trainA/18.png,/data/synt2real_black_bg/trainB/219691B0DF7A9E53F5B1B53E97401F14.png
/data/synt2real_black_bg/trainA/180.png,/data/synt2real_black_bg/trainB/2225_MIA_5654_FADED_OUT_01.png
/data/synt2real_black_bg/trainA/181.png,/data/synt2real_black_bg/trainB/2225_MIA_5657_FELPA_FLOCK_04.png
/data/synt2real_black_bg/trainA/182.png,/data/synt2real_black_bg/trainB/223933.png
/data/synt2real_black_bg/trainA/183.png,/data/synt2real_black_bg/trainB/2258_DORITA_5617_TUPO_KHOL_BLACK_02.png
/data/synt2real_black_bg/trainA/184.png,/data/synt2real_black_bg/trainB/2270_MAO_5630_HEAVY_FLUID_03.png
/data/synt2real_black_bg/trainA/185.png,/data/synt2real_black_bg/trainB/228CD0BAACE99FD2E675829654F1B3B3.png
/data/synt2real_black_bg/trainA/186.png,/data/synt2real_black_bg/trainB/235dc534d452811eac8e168499fcc32d.png
/data/synt2real_black_bg/trainA/187.png,/data/synt2real_black_bg/trainB/238516.png
/data/synt2real_black_bg/trainA/188.png,/data/synt2real_black_bg/trainB/238542.png
/data/synt2real_black_bg/trainA/189.png,/data/synt2real_black_bg/trainB/238571.png
/data/synt2real_black_bg/trainA/19.png,/data/synt2real_black_bg/trainB/238803.png
/data/synt2real_black_bg/trainA/190.png,/data/synt2real_black_bg/trainB/238942.png
/data/synt2real_black_bg/trainA/191.png,/data/synt2real_black_bg/trainB/238961.png
/data/synt2real_black_bg/trainA/192.png,/data/synt2real_black_bg/trainB/239196.png
/data/synt2real_black_bg/trainA/193.png,/data/synt2real_black_bg/trainB/239337.png
/data/synt2real_black_bg/trainA/194.png,/data/synt2real_black_bg/trainB/240952.png
/data/synt2real_black_bg/trainA/195.png,/data/synt2real_black_bg/trainB/241271.png
/data/synt2real_black_bg/trainA/196.png,/data/synt2real_black_bg/trainB/241281.png
/data/synt2real_black_bg/trainA/197.png,/data/synt2real_black_bg/trainB/241301.png
/data/synt2real_black_bg/trainA/198.png,/data/synt2real_black_bg/trainB/241749.png
/data/synt2real_black_bg/trainA/199.png,/data/synt2real_black_bg/trainB/241765.png
/data/synt2real_black_bg/trainA/2.png,/data/synt2real_black_bg/trainB/241788.png
/data/synt2real_black_bg/trainA/20.png,/data/synt2real_black_bg/trainB/242333.png
/data/synt2real_black_bg/trainA/200.png,/data/synt2real_black_bg/trainB/242334.png
/data/synt2real_black_bg/trainA/201.png,/data/synt2real_black_bg/trainB/242337.png
/data/synt2real_black_bg/trainA/202.png,/data/synt2real_black_bg/trainB/242633.png
/data/synt2real_black_bg/trainA/203.png,/data/synt2real_black_bg/trainB/243717.png
/data/synt2real_black_bg/trainA/204.png,/data/synt2real_black_bg/trainB/243767085021212.png
/data/synt2real_black_bg/trainA/205.png,/data/synt2real_black_bg/trainB/244422.png
/data/synt2real_black_bg/trainA/206.png,/data/synt2real_black_bg/trainB/244934.png
/data/synt2real_black_bg/trainA/207.png,/data/synt2real_black_bg/trainB/244965.png
/data/synt2real_black_bg/trainA/208.png,/data/synt2real_black_bg/trainB/245721.png
/data/synt2real_black_bg/trainA/209.png,/data/synt2real_black_bg/trainB/246344.png
/data/synt2real_black_bg/trainA/21.png,/data/synt2real_black_bg/trainB/246346.png
/data/synt2real_black_bg/trainA/210.png,/data/synt2real_black_bg/trainB/246360.png
/data/synt2real_black_bg/trainA/211.png,/data/synt2real_black_bg/trainB/246778.png
/data/synt2real_black_bg/trainA/212.png,/data/synt2real_black_bg/trainB/246861.png
/data/synt2real_black_bg/trainA/213.png,/data/synt2real_black_bg/trainB/246862.png
/data/synt2real_black_bg/trainA/214.png,/data/synt2real_black_bg/trainB/246867.png
/data/synt2real_black_bg/trainA/215.png,/data/synt2real_black_bg/trainB/246869.png
/data/synt2real_black_bg/trainA/216.png,/data/synt2real_black_bg/trainB/246952.png
/data/synt2real_black_bg/trainA/217.png,/data/synt2real_black_bg/trainB/246971.png
/data/synt2real_black_bg/trainA/218.png,/data/synt2real_black_bg/trainB/246972.png
/data/synt2real_black_bg/trainA/219.png,/data/synt2real_black_bg/trainB/247163.png
/data/synt2real_black_bg/trainA/22.png,/data/synt2real_black_bg/trainB/247183.png
/data/synt2real_black_bg/trainA/220.png,/data/synt2real_black_bg/trainB/247191.png
/data/synt2real_black_bg/trainA/221.png,/data/synt2real_black_bg/trainB/247591.png
/data/synt2real_black_bg/trainA/222.png,/data/synt2real_black_bg/trainB/247932.png
/data/synt2real_black_bg/trainA/223.png,/data/synt2real_black_bg/trainB/248257.png
/data/synt2real_black_bg/trainA/224.png,/data/synt2real_black_bg/trainB/248258.png
/data/synt2real_black_bg/trainA/225.png,/data/synt2real_black_bg/trainB/2483666508.png
/data/synt2real_black_bg/trainA/226.png,/data/synt2real_black_bg/trainB/249134.png
/data/synt2real_black_bg/trainA/227.png,/data/synt2real_black_bg/trainB/249302.png
/data/synt2real_black_bg/trainA/228.png,/data/synt2real_black_bg/trainB/251180.png
/data/synt2real_black_bg/trainA/229.png,/data/synt2real_black_bg/trainB/251391.png
/data/synt2real_black_bg/trainA/23.png,/data/synt2real_black_bg/trainB/251572.png
/data/synt2real_black_bg/trainA/230.png,/data/synt2real_black_bg/trainB/251574.png
/data/synt2real_black_bg/trainA/231.png,/data/synt2real_black_bg/trainB/251581.png
/data/synt2real_black_bg/trainA/232.png,/data/synt2real_black_bg/trainB/251582.png
/data/synt2real_black_bg/trainA/233.png,/data/synt2real_black_bg/trainB/251652.png
/data/synt2real_black_bg/trainA/234.png,/data/synt2real_black_bg/trainB/2517C3A25B15616EF255AF324C66E773.png
/data/synt2real_black_bg/trainA/235.png,/data/synt2real_black_bg/trainB/252165.png
/data/synt2real_black_bg/trainA/236.png,/data/synt2real_black_bg/trainB/252623.png
/data/synt2real_black_bg/trainA/237.png,/data/synt2real_black_bg/trainB/252625.png
/data/synt2real_black_bg/trainA/238.png,/data/synt2real_black_bg/trainB/252645.png
/data/synt2real_black_bg/trainA/239.png,/data/synt2real_black_bg/trainB/253065.png
/data/synt2real_black_bg/trainA/24.png,/data/synt2real_black_bg/trainB/253136.png
/data/synt2real_black_bg/trainA/240.png,/data/synt2real_black_bg/trainB/253137.png
/data/synt2real_black_bg/trainA/241.png,/data/synt2real_black_bg/trainB/253355.png
/data/synt2real_black_bg/trainA/242.png,/data/synt2real_black_bg/trainB/262062.png
/data/synt2real_black_bg/trainA/243.png,/data/synt2real_black_bg/trainB/262085-1.png
/data/synt2real_black_bg/trainA/244.png,/data/synt2real_black_bg/trainB/262085.png
/data/synt2real_black_bg/trainA/245.png,/data/synt2real_black_bg/trainB/264727.png
/data/synt2real_black_bg/trainA/246.png,/data/synt2real_black_bg/trainB/266014.png
/data/synt2real_black_bg/trainA/247.png,/data/synt2real_black_bg/trainB/26651-8-mens-fashion-file.png
/data/synt2real_black_bg/trainA/248.png,/data/synt2real_black_bg/trainB/267640.png
/data/synt2real_black_bg/trainA/249.png,/data/synt2real_black_bg/trainB/267643.png
/data/synt2real_black_bg/trainA/25.png,/data/synt2real_black_bg/trainB/27879F24EEE1790435A204D4CE5CFFA3.png
/data/synt2real_black_bg/trainA/250.png,/data/synt2real_black_bg/trainB/27D77E2346DF44050ED3EBA56823C628.png
/data/synt2real_black_bg/trainA/251.png,/data/synt2real_black_bg/trainB/292A4189AA30ACA251658139402DFE18.png
/data/synt2real_black_bg/trainA/252.png,/data/synt2real_black_bg/trainB/2a9922df7cf8e67a412f3760f67ac70e.png
/data/synt2real_black_bg/trainA/253.png,/data/synt2real_black_bg/trainB/2b1d811f7320485a20b0a97956207ccd.png
/data/synt2real_black_bg/trainA/254.png,/data/synt2real_black_bg/trainB/2C71AE114316A38E44700984484402CE.png
/data/synt2real_black_bg/trainA/255.png,/data/synt2real_black_bg/trainB/2CB4C1274B525EDAC3B37BF7A127FA1A.png
/data/synt2real_black_bg/trainA/256.png,/data/synt2real_black_bg/trainB/2CE8C8BCE612E0C0A10A1E69C81320A6.png
/data/synt2real_black_bg/trainA/257.png,/data/synt2real_black_bg/trainB/2d-people-png-7.png
/data/synt2real_black_bg/trainA/258.png,/data/synt2real_black_bg/trainB/2d1fe196ee3e59581c91aaed4a775454.png
/data/synt2real_black_bg/trainA/259.png,/data/synt2real_black_bg/trainB/2E2B7352AC7138027739D71B7F15946E.png
/data/synt2real_black_bg/trainA/26.png,/data/synt2real_black_bg/trainB/2e8c7b0ef61ed9cf519ca2f08cf8e999_1.png
/data/synt2real_black_bg/trainA/260.png,/data/synt2real_black_bg/trainB/2F64E0CB15D82E5CDF8C9CC2FBE344D1.png
/data/synt2real_black_bg/trainA/261.png,/data/synt2real_black_bg/trainB/304530-main.png
/data/synt2real_black_bg/trainA/262.png,/data/synt2real_black_bg/trainB/31E73D364EAA9E9FDC538CD189E13A15.png
/data/synt2real_black_bg/trainA/263.png,/data/synt2real_black_bg/trainB/3472a29fd0368296d28e512205c39f0a.png
/data/synt2real_black_bg/trainA/264.png,/data/synt2real_black_bg/trainB/34CA9B8B98FA03F3F17D13CA60F3C7A9.png
/data/synt2real_black_bg/trainA/265.png,/data/synt2real_black_bg/trainB/3590fda09c563e512ecb132438321659.png
/data/synt2real_black_bg/trainA/266.png,/data/synt2real_black_bg/trainB/37A9174B346F1DE8A46D4217FFD759EF.png
/data/synt2real_black_bg/trainA/267.png,/data/synt2real_black_bg/trainB/37CCA9943B33B68F4690946BA0141041.png
/data/synt2real_black_bg/trainA/268.png,/data/synt2real_black_bg/trainB/3883314361.png
/data/synt2real_black_bg/trainA/269.png,/data/synt2real_black_bg/trainB/3994CED0F835D536DD06A70AA296F6BD.png
/data/synt2real_black_bg/trainA/27.png,/data/synt2real_black_bg/trainB/39b084dae43e220a56c969ee5a573758.png
/data/synt2real_black_bg/trainA/270.png,/data/synt2real_black_bg/trainB/39c02889d449f73b0e3355d3faf97b51.png
/data/synt2real_black_bg/trainA/271.png,/data/synt2real_black_bg/trainB/3AAB4015243CF9A18E1F5787B53969BE.png
/data/synt2real_black_bg/trainA/272.png,/data/synt2real_black_bg/trainB/3B6102C0B7C814ED2D3ACB95B44609E8.png
/data/synt2real_black_bg/trainA/273.png,/data/synt2real_black_bg/trainB/3b802c64af3827866c4064cf9da8aca6.png
/data/synt2real_black_bg/trainA/274.png,/data/synt2real_black_bg/trainB/3c0a56d8553128c34e6b97bcf95a7412.png
/data/synt2real_black_bg/trainA/275.png,/data/synt2real_black_bg/trainB/3D7D8BE24D23E772E76C84B5FBE14972.png
/data/synt2real_black_bg/trainA/276.png,/data/synt2real_black_bg/trainB/3DFED04D5AFCF35FF866E2841EDC06C3.png
/data/synt2real_black_bg/trainA/277.png,/data/synt2real_black_bg/trainB/3F9C7F88581F6A39D822268A6EC14E54.png
/data/synt2real_black_bg/trainA/278.png,/data/synt2real_black_bg/trainB/3fb987741a96c3a15b700a5dfcf8e7d8_mens-fashion-png-file-png-mart-men-fashion-clipart-png_564-799.png
/data/synt2real_black_bg/trainA/279.png,/data/synt2real_black_bg/trainB/418E149B7ABB164E72C26185F1964D59.png
/data/synt2real_black_bg/trainA/28.png,/data/synt2real_black_bg/trainB/42f786aa62df8506ed843d7788b92829.png
/data/synt2real_black_bg/trainA/280.png,/data/synt2real_black_bg/trainB/450_1000.png
/data/synt2real_black_bg/trainA/281.png,/data/synt2real_black_bg/trainB/45B01E81B9DB1CB758A51B95D63C3008.png
/data/synt2real_black_bg/trainA/282.png,/data/synt2real_black_bg/trainB/460F189C067200F7F9288E7D2CF5A6BF.png
/data/synt2real_black_bg/trainA/283.png,/data/synt2real_black_bg/trainB/4AF4766F467E19FFDCA30E2FEAA3DF50.png
/data/synt2real_black_bg/trainA/284.png,/data/synt2real_black_bg/trainB/4EDD2EBCBAA24B464DA35D8A8076E76F.png
/data/synt2real_black_bg/trainA/285.png,/data/synt2real_black_bg/trainB/507EC879BDA6C8474C5A7D77FCB49FFA.png
/data/synt2real_black_bg/trainA/286.png,/data/synt2real_black_bg/trainB/50s-jeans-2-1.png
/data/synt2real_black_bg/trainA/287.png,/data/synt2real_black_bg/trainB/522833C9344E2F590549140119108BA4.png
/data/synt2real_black_bg/trainA/288.png,/data/synt2real_black_bg/trainB/528510874E56144CC2CC4EF17D879405.png
/data/synt2real_black_bg/trainA/289.png,/data/synt2real_black_bg/trainB/53605.png
/data/synt2real_black_bg/trainA/29.png,/data/synt2real_black_bg/trainB/53627.png
/data/synt2real_black_bg/trainA/290.png,/data/synt2real_black_bg/trainB/54626268CECBDBCC8734D81A13768576.png
/data/synt2real_black_bg/trainA/291.png,/data/synt2real_black_bg/trainB/56F860E67B6CBDD9839E075643944682.png
/data/synt2real_black_bg/trainA/292.png,/data/synt2real_black_bg/trainB/575d3e0f01934155443a6a9e.png
/data/synt2real_black_bg/trainA/293.png,/data/synt2real_black_bg/trainB/5a8d6de0eaf990e14ce6e0978a318fbf.png
/data/synt2real_black_bg/trainA/294.png,/data/synt2real_black_bg/trainB/5ADEBE7DF3EBAD6E94412B82C3B65FBF.png
/data/synt2real_black_bg/trainA/295.png,/data/synt2real_black_bg/trainB/5b9f52768b55b372b079fc206aaa3d48.png
/data/synt2real_black_bg/trainA/296.png,/data/synt2real_black_bg/trainB/5C048FA0CE2949BA3459C05632F311F5.png
/data/synt2real_black_bg/trainA/297.png,/data/synt2real_black_bg/trainB/5E9C8B87A21105869BE992BEA794F0AB.png
/data/synt2real_black_bg/trainA/298.png,/data/synt2real_black_bg/trainB/5EBC8ECCB914D586EDFFDFAF4005BBDA.png
/data/synt2real_black_bg/trainA/299.png,/data/synt2real_black_bg/trainB/5FF25663C191976ABF45800493EA88E3.png
/data/synt2real_black_bg/trainA/3.png,/data/synt2real_black_bg/trainB/5_person.png
/data/synt2real_black_bg/trainA/30.png,/data/synt2real_black_bg/trainB/605E3C5C7744F6065296BF32A3ACC291.png
/data/synt2real_black_bg/trainA/300.png,/data/synt2real_black_bg/trainB/60df324485d95a9ec71ae4a020f1f3a1.png
/data/synt2real_black_bg/trainA/301.png,/data/synt2real_black_bg/trainB/61357e90c3826254b109c03b24f6b9d3.png
/data/synt2real_black_bg/trainA/302.png,/data/synt2real_black_bg/trainB/61510Maria_1703Web.png
/data/synt2real_black_bg/trainA/303.png,/data/synt2real_black_bg/trainB/6341A80CD707D1F12AB1A6EAB6DA3753.png
/data/synt2real_black_bg/trainA/304.png,/data/synt2real_black_bg/trainB/635AE4287ADB451752BBC8CF5ACA28C0.png
/data/synt2real_black_bg/trainA/305.png,/data/synt2real_black_bg/trainB/637c0d7d396fd0f76fccfb48a8343a36.png
/data/synt2real_black_bg/trainA/306.png,/data/synt2real_black_bg/trainB/63DEF654A0CA8CEE2C7CACE397A5FB1D.png
/data/synt2real_black_bg/trainA/307.png,/data/synt2real_black_bg/trainB/65E9F70354F484339EE7AB3EB7B4A540.png
/data/synt2real_black_bg/trainA/308.png,/data/synt2real_black_bg/trainB/681905C7DB4FE0BE52292B0C5ACD5DEE.png
/data/synt2real_black_bg/trainA/309.png,/data/synt2real_black_bg/trainB/683F725404BD82CC8C4E76A1C5D9B59A.png
/data/synt2real_black_bg/trainA/31.png,/data/synt2real_black_bg/trainB/6854.png
/data/synt2real_black_bg/trainA/310.png,/data/synt2real_black_bg/trainB/6854F54A80B4E919ABB6BA6763F59CB3.png
/data/synt2real_black_bg/trainA/311.png,/data/synt2real_black_bg/trainB/6B1CB9CE91591F93155D0EB94CA93961.png
/data/synt2real_black_bg/trainA/312.png,/data/synt2real_black_bg/trainB/6BBA337136BB86D067CA4FD440500169.png
/data/synt2real_black_bg/trainA/313.png,/data/synt2real_black_bg/trainB/6CA91506D2872D4FF047DB1CC4289870.png
/data/synt2real_black_bg/trainA/314.png,/data/synt2real_black_bg/trainB/6ccc0a6e1a36e9e42d27a593a7f8d2b2.png
/data/synt2real_black_bg/trainA/315.png,/data/synt2real_black_bg/trainB/6cd59199b5df9c70778710298a092e2b.png
/data/synt2real_black_bg/trainA/316.png,/data/synt2real_black_bg/trainB/6D72B5667FE734E116CE635145CA8A77.png
/data/synt2real_black_bg/trainA/317.png,/data/synt2real_black_bg/trainB/6E04895B8896A3C67653E282477426C8.png
/data/synt2real_black_bg/trainA/318.png,/data/synt2real_black_bg/trainB/730CAFBB701FD65E8C02B38491F41E38.png
/data/synt2real_black_bg/trainA/319.png,/data/synt2real_black_bg/trainB/747a7655_640-x-1060-min.png
/data/synt2real_black_bg/trainA/32.png,/data/synt2real_black_bg/trainB/747a7660_640-x-1060-min.png
/data/synt2real_black_bg/trainA/320.png,/data/synt2real_black_bg/trainB/74B323D7631B8008B5CF6B441B20F6D1.png
/data/synt2real_black_bg/trainA/321.png,/data/synt2real_black_bg/trainB/7580ED98BEA7AEBF90936DE6BCE81C6C.png
/data/synt2real_black_bg/trainA/322.png,/data/synt2real_black_bg/trainB/762C0B00665ABAFB54852140A5BFEA37.png
/data/synt2real_black_bg/trainA/323.png,/data/synt2real_black_bg/trainB/765EFCD6CCE69375EAD89331B47663C7.png
/data/synt2real_black_bg/trainA/324.png,/data/synt2real_black_bg/trainB/77356.png
/data/synt2real_black_bg/trainA/325.png,/data/synt2real_black_bg/trainB/77445.png
/data/synt2real_black_bg/trainA/326.png,/data/synt2real_black_bg/trainB/78abf79feffbe0446569a1ebbe482801.png
/data/synt2real_black_bg/trainA/327.png,/data/synt2real_black_bg/trainB/794d0cf044e6ea428c809ce0835d15d6.png
/data/synt2real_black_bg/trainA/328.png,/data/synt2real_black_bg/trainB/79681AC480B77383F09D0F19DD1097CC.png
/data/synt2real_black_bg/trainA/329.png,/data/synt2real_black_bg/trainB/7A56C797A8073C31610830DACE5594AE.png
/data/synt2real_black_bg/trainA/33.png,/data/synt2real_black_bg/trainB/7be1ba8b7763854bf2473318faec4587.png
/data/synt2real_black_bg/trainA/330.png,/data/synt2real_black_bg/trainB/7DB3C14042CB828E7CF95916CF01D8D6.png
/data/synt2real_black_bg/trainA/331.png,/data/synt2real_black_bg/trainB/7e88636ee5147f677ba927b792dd80ea.png
/data/synt2real_black_bg/trainA/332.png,/data/synt2real_black_bg/trainB/7EE81E16ECBC27753D3AB3AC1840CB39.png
/data/synt2real_black_bg/trainA/333.png,/data/synt2real_black_bg/trainB/7f1b786f562aef30369b276032b09265.png
/data/synt2real_black_bg/trainA/334.png,/data/synt2real_black_bg/trainB/7FB6FF7E0A565693B4E16D570C364A52.png
/data/synt2real_black_bg/trainA/335.png,/data/synt2real_black_bg/trainB/80080.png
/data/synt2real_black_bg/trainA/336.png,/data/synt2real_black_bg/trainB/80091.png
/data/synt2real_black_bg/trainA/337.png,/data/synt2real_black_bg/trainB/8170066.png
/data/synt2real_black_bg/trainA/338.png,/data/synt2real_black_bg/trainB/81FDDC9CD3AA00EF31E7ABB80B68E639.png
/data/synt2real_black_bg/trainA/339.png,/data/synt2real_black_bg/trainB/8231A59EB2F80B9C49A417FBB4E88B5F.png
/data/synt2real_black_bg/trainA/34.png,/data/synt2real_black_bg/trainB/84a4becb5f2171b369b7fc694b21d45d.png
/data/synt2real_black_bg/trainA/340.png,/data/synt2real_black_bg/trainB/84D4078EC0C32D6254377BF8AA36D20F.png
/data/synt2real_black_bg/trainA/341.png,/data/synt2real_black_bg/trainB/84db861cb6db42598d19e9b1dfe82c97.png
/data/synt2real_black_bg/trainA/342.png,/data/synt2real_black_bg/trainB/85EAF1C96F3A3E7306138C234F271D39.png
/data/synt2real_black_bg/trainA/343.png,/data/synt2real_black_bg/trainB/860_CAMISETA_(M)_5646_FADED_BLACK_02.png
/data/synt2real_black_bg/trainA/344.png,/data/synt2real_black_bg/trainB/866FF02870C082B138AEEFF960685543.png
/data/synt2real_black_bg/trainA/345.png,/data/synt2real_black_bg/trainB/86984.png
/data/synt2real_black_bg/trainA/346.png,/data/synt2real_black_bg/trainB/86aee668f23d56fdec45c38421ee01e4.png
/data/synt2real_black_bg/trainA/347.png,/data/synt2real_black_bg/trainB/8866121_9212_alt3.png
/data/synt2real_black_bg/trainA/348.png,/data/synt2real_black_bg/trainB/89049.png
/data/synt2real_black_bg/trainA/349.png,/data/synt2real_black_bg/trainB/89053.png
/data/synt2real_black_bg/trainA/35.png,/data/synt2real_black_bg/trainB/89394.png
/data/synt2real_black_bg/trainA/350.png,/data/synt2real_black_bg/trainB/89399.png
/data/synt2real_black_bg/trainA/351.png,/data/synt2real_black_bg/trainB/89462.png
/data/synt2real_black_bg/trainA/352.png,/data/synt2real_black_bg/trainB/89466.png
/data/synt2real_black_bg/trainA/354.png,/data/synt2real_black_bg/trainB/89939.png
/data/synt2real_black_bg/trainA/355.png,/data/synt2real_black_bg/trainB/8B0EBF35B49BE8867DACFD6BFF702823.png
/data/synt2real_black_bg/trainA/356.png,/data/synt2real_black_bg/trainB/8B24F306334ED297228CE77EE9C0B041.png
/data/synt2real_black_bg/trainA/357.png,/data/synt2real_black_bg/trainB/8E682F61F15CCC67BD327D0463FB8669.png
/data/synt2real_black_bg/trainA/358.png,/data/synt2real_black_bg/trainB/90414.png
/data/synt2real_black_bg/trainA/359.png,/data/synt2real_black_bg/trainB/90460.png
/data/synt2real_black_bg/trainA/36.png,/data/synt2real_black_bg/trainB/90BCB6E91C1BABEA10AA5B0861686C71.png
/data/synt2real_black_bg/trainA/360.png,/data/synt2real_black_bg/trainB/94164F4A7151B5412597BE8FF5730800.png
/data/synt2real_black_bg/trainA/361.png,/data/synt2real_black_bg/trainB/947B5A583B0F66827BF7DE4171096057.png
/data/synt2real_black_bg/trainA/362.png,/data/synt2real_black_bg/trainB/95469D965BE289AC2A73FEE40DFF9DA1.png
/data/synt2real_black_bg/trainA/363.png,/data/synt2real_black_bg/trainB/95685e2c7e944f220919129a9d629ef7.png
/data/synt2real_black_bg/trainA/364.png,/data/synt2real_black_bg/trainB/97011.png
/data/synt2real_black_bg/trainA/365.png,/data/synt2real_black_bg/trainB/97017.png
/data/synt2real_black_bg/trainA/366.png,/data/synt2real_black_bg/trainB/97FCFBA3F78C4D9D2903E4427DD87FFB.png
/data/synt2real_black_bg/trainA/367.png,/data/synt2real_black_bg/trainB/980106-business-man-walking-towards-the-camera--isolated-over-a-white-backgroundCutout.png
/data/synt2real_black_bg/trainA/368.png,/data/synt2real_black_bg/trainB/9825d9d82b4db9f32724b9376f1dae80 (1).png
/data/synt2real_black_bg/trainA/369.png,/data/synt2real_black_bg/trainB/9825d9d82b4db9f32724b9376f1dae80.png
/data/synt2real_black_bg/trainA/37.png,/data/synt2real_black_bg/trainB/98FFA2333186C451D4C15E0A7C0ADDFF.png
/data/synt2real_black_bg/trainA/370.png,/data/synt2real_black_bg/trainB/99C9DCB72B2844E9F93EEA5B151EA3F5.png
/data/synt2real_black_bg/trainA/371.png,/data/synt2real_black_bg/trainB/9AE48612372BFDDC99511B689763EEE8.png
/data/synt2real_black_bg/trainA/372.png,/data/synt2real_black_bg/trainB/9cc0fef3b2edce335fac699f5e47e12c.png
/data/synt2real_black_bg/trainA/373.png,/data/synt2real_black_bg/trainB/9d5ab8b99afe569ab81834b50f970367.png
/data/synt2real_black_bg/trainA/374.png,/data/synt2real_black_bg/trainB/9DB0302E37370AE752BD6F2B08585041.png
/data/synt2real_black_bg/trainA/375.png,/data/synt2real_black_bg/trainB/A182EAC405E5CF2B374F50B4C3236D6E.png
/data/synt2real_black_bg/trainA/376.png,/data/synt2real_black_bg/trainB/A2D0FF456FC7A0961154E0870916E364.png
/data/synt2real_black_bg/trainA/377.png,/data/synt2real_black_bg/trainB/A5F6647796FAE9A90CA2D0F5142E432E.png
/data/synt2real_black_bg/trainA/378.png,/data/synt2real_black_bg/trainB/A8D51EAAED21F469C4F64AF9027E2F1B.png
/data/synt2real_black_bg/trainA/379.png,/data/synt2real_black_bg/trainB/AB8C6A5488D986CEDF16792A21130B94.png
/data/synt2real_black_bg/trainA/38.png,/data/synt2real_black_bg/trainB/afbb58aa997348ebf4dddb9b3c6e151f.png
/data/synt2real_black_bg/trainA/380.png,/data/synt2real_black_bg/trainB/allsaints_2016_spring_menswear_look_book_ash_styme_by_youcantakemyname-dahpjy1.png
/data/synt2real_black_bg/trainA/381.png,/data/synt2real_black_bg/trainB/Angled Neckline Top White 1.png
/data/synt2real_black_bg/trainA/382.png,/data/synt2real_black_bg/trainB/Angular Hem Pencil Skirt Grey 1.png
/data/synt2real_black_bg/trainA/383.png,/data/synt2real_black_bg/trainB/ao-vest-1.png
/data/synt2real_black_bg/trainA/384.png,/data/synt2real_black_bg/trainB/ao-vest-trang.png
/data/synt2real_black_bg/trainA/385.png,/data/synt2real_black_bg/trainB/architectural-people-png.png
/data/synt2real_black_bg/trainA/386.png,/data/synt2real_black_bg/trainB/Asymmetric Draped Midi Skirt Black 1.png
/data/synt2real_black_bg/trainA/387.png,/data/synt2real_black_bg/trainB/Asymmetrical Paneled Top Maroon 1.png
/data/synt2real_black_bg/trainA/388.png,/data/synt2real_black_bg/trainB/Asymmetrical V Neck Maxi Light Grey 1.png
/data/synt2real_black_bg/trainA/389.png,/data/synt2real_black_bg/trainB/B54CEAFF5BE626EF1E8FD8C4CB118E1A.png
/data/synt2real_black_bg/trainA/39.png,/data/synt2real_black_bg/trainB/B5C7A45706DF4BD41922F7D5B212BE4E.png
/data/synt2real_black_bg/trainA/390.png,/data/synt2real_black_bg/trainB/B6F18707DC2ADB58C6EEC3DFDD5877AB.png
/data/synt2real_black_bg/trainA/392.png,/data/synt2real_black_bg/trainB/B7EF4E220D2F8EABA5735CCB33EEA17C.png
/data/synt2real_black_bg/trainA/393.png,/data/synt2real_black_bg/trainB/ba91c874aa7dff1bb93984f743450490.png
/data/synt2real_black_bg/trainA/394.png,/data/synt2real_black_bg/trainB/BCA7B8EFCE5E585681C0CFFD1CA6AEB2.png
/data/synt2real_black_bg/trainA/395.png,/data/synt2real_black_bg/trainB/BD-woman-standing-grey-dress.png
/data/synt2real_black_bg/trainA/396.png,/data/synt2real_black_bg/trainB/beautifulWomanFrontWalking.png
/data/synt2real_black_bg/trainA/397.png,/data/synt2real_black_bg/trainB/BEC245E401F5E8F9B8AD096D34D364EC.png
/data/synt2real_black_bg/trainA/398.png,/data/synt2real_black_bg/trainB/BF804B493AC3DB5B5248E5B8C98A205C.png
/data/synt2real_black_bg/trainA/399.png,/data/synt2real_black_bg/trainB/Black T 3-600x800.png
/data/synt2real_black_bg/trainA/4.png,/data/synt2real_black_bg/trainB/black T-600x800.png
/data/synt2real_black_bg/trainA/40.png,/data/synt2real_black_bg/trainB/bollywoo_faq_228-640-x-1060.png
/data/synt2real_black_bg/trainA/400.png,/data/synt2real_black_bg/trainB/boss_men_sport_look_02_detail.png
/data/synt2real_black_bg/trainA/401.png,/data/synt2real_black_bg/trainB/boss_men_sport_look_22_detail.png
/data/synt2real_black_bg/trainA/402.png,/data/synt2real_black_bg/trainB/brownleather_600x.png
/data/synt2real_black_bg/trainA/403.png,/data/synt2real_black_bg/trainB/Business-People-PNG-Transparent-Image-1024x1024.png
/data/synt2real_black_bg/trainA/404.png,/data/synt2real_black_bg/trainB/business-woman-standing-png-2.png
/data/synt2real_black_bg/trainA/405.png,/data/synt2real_black_bg/trainB/business-woman-standing-png-5.png
/data/synt2real_black_bg/trainA/406.png,/data/synt2real_black_bg/trainB/businessman-walking-png-3.png
/data/synt2real_black_bg/trainA/407.png,/data/synt2real_black_bg/trainB/businesswoman.png
/data/synt2real_black_bg/trainA/408.png,/data/synt2real_black_bg/trainB/Buttoned Textured Jacket Black 1.png
/data/synt2real_black_bg/trainA/409.png,/data/synt2real_black_bg/trainB/C0ED44C57CC7432F4F01527D960D15EB.png
/data/synt2real_black_bg/trainA/41.png,/data/synt2real_black_bg/trainB/c196ce6aea901b2ad712c3688a8b2a69.png
/data/synt2real_black_bg/trainA/410.png,/data/synt2real_black_bg/trainB/C19AC3152F21FB53C44218C7AA19A2E2.png
/data/synt2real_black_bg/trainA/411.png,/data/synt2real_black_bg/trainB/C382490C8063557494931E7AFF42A328.png
/data/synt2real_black_bg/trainA/412.png,/data/synt2real_black_bg/trainB/C543AEB828F210402A6B9A03EB37C3B5.png
/data/synt2real_black_bg/trainA/413.png,/data/synt2real_black_bg/trainB/C7391451FBB03B63962A1498D1A9C856.png
/data/synt2real_black_bg/trainA/414.png,/data/synt2real_black_bg/trainB/C7C04F03F7485CC588B70C28D4ECCB0F.png
/data/synt2real_black_bg/trainA/415.png,/data/synt2real_black_bg/trainB/C9F824E05FF85B0BC45120593884BC8C.png
/data/synt2real_black_bg/trainA/416.png,/data/synt2real_black_bg/trainB/CA3809FE350CABE76DC0D50565895B20.png
/data/synt2real_black_bg/trainA/417.png,/data/synt2real_black_bg/trainB/CAC83679FB47C2A651E3015C8E42126B.png
/data/synt2real_black_bg/trainA/418.png,/data/synt2real_black_bg/trainB/candidature.png
/data/synt2real_black_bg/trainA/419.png,/data/synt2real_black_bg/trainB/cardigan-tessya (1).png
/data/synt2real_black_bg/trainA/42.png,/data/synt2real_black_bg/trainB/cardigan-tessya.png
/data/synt2real_black_bg/trainA/420.png,/data/synt2real_black_bg/trainB/casual-people-png-6.png
/data/synt2real_black_bg/trainA/421.png,/data/synt2real_black_bg/trainB/casual-people-png-8.png
/data/synt2real_black_bg/trainA/422.png,/data/synt2real_black_bg/trainB/casual-people-png.png
/data/synt2real_black_bg/trainA/423.png,/data/synt2real_black_bg/trainB/CD6AEB80794D5A4C7FC3D8B76BE2613D.png
/data/synt2real_black_bg/trainA/424.png,/data/synt2real_black_bg/trainB/CF31E700580D964D35CBF15B2627CEBD.png
/data/synt2real_black_bg/trainA/425.png,/data/synt2real_black_bg/trainB/Chauncey-Oversized-Pom-Pom-Links-wool-cashmere-navy-blue-sweater.png
/data/synt2real_black_bg/trainA/426.png,/data/synt2real_black_bg/trainB/cheryl-53-copy.png
/data/synt2real_black_bg/trainA/427.png,/data/synt2real_black_bg/trainB/Colorblock Paneled Cami Midi Green 1.png
/data/synt2real_black_bg/trainA/428.png,/data/synt2real_black_bg/trainB/Colorblock Paneled Cami Midi Pink 1.png
/data/synt2real_black_bg/trainA/429.png,/data/synt2real_black_bg/trainB/Colorblocked Pleated Dress White 1.png
/data/synt2real_black_bg/trainA/43.png,/data/synt2real_black_bg/trainB/Contrast Layered Fap Top Beige 2.png
/data/synt2real_black_bg/trainA/430.png,/data/synt2real_black_bg/trainB/Contrast Layered Fap Top Beige 3.png
/data/synt2real_black_bg/trainA/431.png,/data/synt2real_black_bg/trainB/Contrast Sash Top Beige 3.png
/data/synt2real_black_bg/trainA/432.png,/data/synt2real_black_bg/trainB/Contrast-Curve-Hem-Dress-White-1x.png
/data/synt2real_black_bg/trainA/433.png,/data/synt2real_black_bg/trainB/cs-erdman_olaf2-leader-min.png
/data/synt2real_black_bg/trainA/434.png,/data/synt2real_black_bg/trainB/Curved-Pleat-pencil-Dress-Teal-1.png
/data/synt2real_black_bg/trainA/435.png,/data/synt2real_black_bg/trainB/cut-out-people-png-6.png
/data/synt2real_black_bg/trainA/436.png,/data/synt2real_black_bg/trainB/D1350C17F3FC3D5F620817BF0635972C.png
/data/synt2real_black_bg/trainA/437.png,/data/synt2real_black_bg/trainB/D41943EFCD2937C714E92B39F772F324.png
/data/synt2real_black_bg/trainA/438.png,/data/synt2real_black_bg/trainB/D5503EAFEADEA49860A874D007222F9B.png
/data/synt2real_black_bg/trainA/439.png,/data/synt2real_black_bg/trainB/d65e607999164c8a047688fbe89e629e.png
/data/synt2real_black_bg/trainA/44.png,/data/synt2real_black_bg/trainB/D6F8346340D6207BC817B56A1811D988.png
/data/synt2real_black_bg/trainA/440.png,/data/synt2real_black_bg/trainB/D81EAFA6BD77D31B0E1A8B609E609984.png
/data/synt2real_black_bg/trainA/441.png,/data/synt2real_black_bg/trainB/D96FEF8AF89EDECCFE4A0ACD31D4FD45.png
/data/synt2real_black_bg/trainA/442.png,/data/synt2real_black_bg/trainB/da08234768129629de0897d7cfc6fd32.png
/data/synt2real_black_bg/trainA/443.png,/data/synt2real_black_bg/trainB/DC20B97631341F6E79E45A2B3CC7669E.png
/data/synt2real_black_bg/trainA/444.png,/data/synt2real_black_bg/trainB/df79be2251a7d5bf5513782a757c6f87.png
/data/synt2real_black_bg/trainA/445.png,/data/synt2real_black_bg/trainB/DLC033_MUSHROOM_BACK_1800x.png
/data/synt2real_black_bg/trainA/446.png,/data/synt2real_black_bg/trainB/DLC033_MUSHROOM_FRONT_1800x.png
/data/synt2real_black_bg/trainA/447.png,/data/synt2real_black_bg/trainB/DLC033_MUSHROOM_SIDE_800x.png
/data/synt2real_black_bg/trainA/448.png,/data/synt2real_black_bg/trainB/DLC038_BLACK_BACK_800x.png
/data/synt2real_black_bg/trainA/449.png,/data/synt2real_black_bg/trainB/DLC038_BLACK_FRONT_800x.png
/data/synt2real_black_bg/trainA/45.png,/data/synt2real_black_bg/trainB/DLC038_BLACK_SIDE_800x.png
/data/synt2real_black_bg/trainA/450.png,/data/synt2real_black_bg/trainB/DLC038_MUSHROOM_BACK_800x.png
/data/synt2real_black_bg/trainA/451.png,/data/synt2real_black_bg/trainB/DLC038_MUSHROOM_FRONT_800x.png
/data/synt2real_black_bg/trainA/452.png,/data/synt2real_black_bg/trainB/DLC038_MUSHROOM_SIDE_800x.png
/data/synt2real_black_bg/trainA/453.png,/data/synt2real_black_bg/trainB/dress-milord.png
/data/synt2real_black_bg/trainA/454.png,/data/synt2real_black_bg/trainB/dress-tilde.png
/data/synt2real_black_bg/trainA/455.png,/data/synt2real_black_bg/trainB/E07B5579058A44079711822E13A31F44.png
/data/synt2real_black_bg/trainA/456.png,/data/synt2real_black_bg/trainB/E16EBC0931C7819FF91239581AF4610A.png
/data/synt2real_black_bg/trainA/457.png,/data/synt2real_black_bg/trainB/e2e0032ebfe481da4137e66763ec8f21.png
/data/synt2real_black_bg/trainA/458.png,/data/synt2real_black_bg/trainB/E3D7BDA66A5385A1C3A50F373590E395.png
/data/synt2real_black_bg/trainA/459.png,/data/synt2real_black_bg/trainB/e4b1d00be7a500f092461a51dcd1aed1.png
/data/synt2real_black_bg/trainA/46.png,/data/synt2real_black_bg/trainB/E63FB23E65ED9BBAC5FA16FFFE4EBC4A.png
/data/synt2real_black_bg/trainA/460.png,/data/synt2real_black_bg/trainB/E7265E403DC880315A313CB30F5EB57D.png
/data/synt2real_black_bg/trainA/461.png,/data/synt2real_black_bg/trainB/E76C686C6ED103F4C6919FAF528D6B3C.png
/data/synt2real_black_bg/trainA/462.png,/data/synt2real_black_bg/trainB/E7AC21FF44AE52C2F30AEAE63D0C5C13.png
/data/synt2real_black_bg/trainA/463.png,/data/synt2real_black_bg/trainB/EE6BBB8C120A5E259C6EDB0B214B34E7.png
/data/synt2real_black_bg/trainA/464.png,/data/synt2real_black_bg/trainB/EE93D6DBEF3AB28E56A2197AE9749DCB.png
/data/synt2real_black_bg/trainA/465.png,/data/synt2real_black_bg/trainB/elsa_hosk_png_by_laireadder-d70y0r5.png
/data/synt2real_black_bg/trainA/466.png,/data/synt2real_black_bg/trainB/e_coffee_standing_1600.png
/data/synt2real_black_bg/trainA/467.png,/data/synt2real_black_bg/trainB/F02B1A97DECD007EF193563406FB3938.png
/data/synt2real_black_bg/trainA/468.png,/data/synt2real_black_bg/trainB/F0587B2EE1F9870833483220EBD92CAF.png
/data/synt2real_black_bg/trainA/469.png,/data/synt2real_black_bg/trainB/f09203c8b6a8222dfa7420d5eb40da4d.png
/data/synt2real_black_bg/trainA/47.png,/data/synt2real_black_bg/trainB/F0D18539626184F9EF3FB64B013B3AE3.png
/data/synt2real_black_bg/trainA/470.png,/data/synt2real_black_bg/trainB/f161d93ef626751b96d45a4391559467.png
/data/synt2real_black_bg/trainA/472.png,/data/synt2real_black_bg/trainB/F1C55572B66BEBABD718AC2A5440E1D6.png
/data/synt2real_black_bg/trainA/473.png,/data/synt2real_black_bg/trainB/F38A6C852D7D28E349CE396A89F9EBD1.png
/data/synt2real_black_bg/trainA/474.png,/data/synt2real_black_bg/trainB/f4ca1cbee3d9111c56869514c793bd89.png
/data/synt2real_black_bg/trainA/475.png,/data/synt2real_black_bg/trainB/f62b296a5db6b36f46079e2eb2d709fb.png
/data/synt2real_black_bg/trainA/476.png,/data/synt2real_black_bg/trainB/F64D596D1CBDA7A2D98B434DE596C02D.png
/data/synt2real_black_bg/trainA/478.png,/data/synt2real_black_bg/trainB/f73fd18732c6a8764e19bf45f96c96e1.png
/data/synt2real_black_bg/trainA/479.png,/data/synt2real_black_bg/trainB/f8dce168982a99d86317c810ad5f3845.png
/data/synt2real_black_bg/trainA/48.png,/data/synt2real_black_bg/trainB/FA54BE7B21CCFE498768E1759DF5B1AE.png
/data/synt2real_black_bg/trainA/480.png,/data/synt2real_black_bg/trainB/fashion-models-png-6.png
/data/synt2real_black_bg/trainA/481.png,/data/synt2real_black_bg/trainB/FE9DC5E272D41688790E988B3DA35617.png
/data/synt2real_black_bg/trainA/482.png,/data/synt2real_black_bg/trainB/FEC08645155887AB36F1F81BC139FC8F.png
/data/synt2real_black_bg/trainA/483.png,/data/synt2real_black_bg/trainB/female-fashion-model-png-5.png
/data/synt2real_black_bg/trainA/484.png,/data/synt2real_black_bg/trainB/Female-Walking-2.png
/data/synt2real_black_bg/trainA/485.png,/data/synt2real_black_bg/trainB/ford-3-4-sleeve-shirt.png
/data/synt2real_black_bg/trainA/486.png,/data/synt2real_black_bg/trainB/free_cutpeople_2.png
/data/synt2real_black_bg/trainA/487.png,/data/synt2real_black_bg/trainB/free_cutpeople_22.png
/data/synt2real_black_bg/trainA/488.png,/data/synt2real_black_bg/trainB/french-man-png-4.png
/data/synt2real_black_bg/trainA/489.png,/data/synt2real_black_bg/trainB/French_Blue_Stretch_Carcoat_Norwegian_Wool_Waterproof_Windproof_Winter.png
/data/synt2real_black_bg/trainA/49.png,/data/synt2real_black_bg/trainB/Front Knot Shirt Pink 1.png
/data/synt2real_black_bg/trainA/490.png,/data/synt2real_black_bg/trainB/Front Slit Pants Light Grey 1.png
/data/synt2real_black_bg/trainA/491.png,/data/synt2real_black_bg/trainB/front_98b7670fded9ebdc52c08f2669ee59db.png
/data/synt2real_black_bg/trainA/492.png,/data/synt2real_black_bg/trainB/f_x__krystal_spao_png_by_hyukhee05-d7ziae8.png
/data/synt2real_black_bg/trainA/493.png,/data/synt2real_black_bg/trainB/getfile (1).png
/data/synt2real_black_bg/trainA/494.png,/data/synt2real_black_bg/trainB/getfile.png
/data/synt2real_black_bg/trainA/495.png,/data/synt2real_black_bg/trainB/girl-school-uniform.png
/data/synt2real_black_bg/trainA/496.png,/data/synt2real_black_bg/trainB/girl-walking-away-png-5.png
/data/synt2real_black_bg/trainA/497.png,/data/synt2real_black_bg/trainB/girls-png-woman-girl-png-image-2211.png
/data/synt2real_black_bg/trainA/498.png,/data/synt2real_black_bg/trainB/girl_in_white_by_stam_ford-d8opkbg.png
/data/synt2real_black_bg/trainA/499.png,/data/synt2real_black_bg/trainB/girl_standing.png
/data/synt2real_black_bg/trainA/5.png,/data/synt2real_black_bg/trainB/groom-clipart-mens-suit-11.png
/data/synt2real_black_bg/trainA/50.png,/data/synt2real_black_bg/trainB/guys-in-cargo-shorts-sneakers_98924.png
/data/synt2real_black_bg/trainA/500.png,/data/synt2real_black_bg/trainB/HA1_5496-356x534.png
/data/synt2real_black_bg/trainA/501.png,/data/synt2real_black_bg/trainB/HIGH_RES_FREE_PEOPLE_CUTOUTS_EXECUTIVE_WOMAN_STANDING_png.png
/data/synt2real_black_bg/trainA/502.png,/data/synt2real_black_bg/trainB/HIGH_RES_FREE_PEOPLE_CUTOUTS_GIRL_SHOPPING_png.png
/data/synt2real_black_bg/trainA/503.png,/data/synt2real_black_bg/trainB/HIGH_RES_FREE_PEOPLE_CUTOUTS_LOOKING_AT_WATCH_png.png
/data/synt2real_black_bg/trainA/504.png,/data/synt2real_black_bg/trainB/HIGH_RES_FREE_PEOPLE_CUTOUTS_MAN_DANCING_png.png
/data/synt2real_black_bg/trainA/505.png,/data/synt2real_black_bg/trainB/HIGH_RES_FREE_PEOPLE_CUTOUTS_MAN_WALKING_-_SIDE_VIEW_1_png.png
/data/synt2real_black_bg/trainA/506.png,/data/synt2real_black_bg/trainB/HIGH_RES_FREE_PEOPLE_CUTOUTS_SHOPPING_GIRL_STANDING_png.png
/data/synt2real_black_bg/trainA/507.png,/data/synt2real_black_bg/trainB/HIGH_RES_FREE_PEOPLE_CUTOUTS_SHOPPING_GIRL_WAKING_CARRYING_BAG_png.png
/data/synt2real_black_bg/trainA/508.png,/data/synt2real_black_bg/trainB/HIGH_RES_FREE_PEOPLE_CUTOUTS_SHOPPING_LADY_WALKING_png.png
/data/synt2real_black_bg/trainA/509.png,/data/synt2real_black_bg/trainB/HIGH_RES_FREE_PEOPLE_CUTOUTS_STANDING_WOMAN_TALKING_ON_CELLPHONE_png.png
/data/synt2real_black_bg/trainA/51.png,/data/synt2real_black_bg/trainB/HIGH_RES_FREE_PEOPLE_CUTOUTS_TROPICAL_HIPSTER_MEN_STANDING_png copy 2.png
/data/synt2real_black_bg/trainA/510.png,/data/synt2real_black_bg/trainB/HIGH_RES_FREE_PEOPLE_CUTOUTS_TROPICAL_HIPSTER_MEN_STANDING_png copy.png
/data/synt2real_black_bg/trainA/511.png,/data/synt2real_black_bg/trainB/HIGH_RES_FREE_PEOPLE_CUTOUTS_TROPICAL_HIPSTER_MEN_STANDING_png.png
/data/synt2real_black_bg/trainA/512.png,/data/synt2real_black_bg/trainB/hispanicBoyStandingLooking.png
/data/synt2real_black_bg/trainA/513.png,/data/synt2real_black_bg/trainB/hispanicManTanktopWalkingFrontSide.png
/data/synt2real_black_bg/trainA/514.png,/data/synt2real_black_bg/trainB/hombre-espaldas-caminando.png
/data/synt2real_black_bg/trainA/515.png,/data/synt2real_black_bg/trainB/Hot_IT_Girl_Dress_in_Black_side.png
/data/synt2real_black_bg/trainA/516.png,/data/synt2real_black_bg/trainB/human-cutout-png-2.png
/data/synt2real_black_bg/trainA/517.png,/data/synt2real_black_bg/trainB/human-entourage-png-2.png
/data/synt2real_black_bg/trainA/518.png,/data/synt2real_black_bg/trainB/hyorin_sistar_002_render_by_yourlonglostsister-d87167w.png
/data/synt2real_black_bg/trainA/519.png,/data/synt2real_black_bg/trainB/IMG_7011.png
/data/synt2real_black_bg/trainA/52.png,/data/synt2real_black_bg/trainB/img_man.png
/data/synt2real_black_bg/trainA/520.png,/data/synt2real_black_bg/trainB/jessica_jones___transparent_by_natan_ferri-dabpx9y.png
/data/synt2real_black_bg/trainA/521.png,/data/synt2real_black_bg/trainB/JNTS_GuyPhone_15_rose.png
/data/synt2real_black_bg/trainA/522.png,/data/synt2real_black_bg/trainB/JNTS_Man Standing_01_Kordae copy.png
/data/synt2real_black_bg/trainA/523.png,/data/synt2real_black_bg/trainB/JNTS_Man walking_02_Kordae copy.png
/data/synt2real_black_bg/trainA/524.png,/data/synt2real_black_bg/trainB/JNTS_ManStanding_12_Kordae.png
/data/synt2real_black_bg/trainA/525.png,/data/synt2real_black_bg/trainB/JNTS_Man_25_Rose.png
/data/synt2real_black_bg/trainA/526.png,/data/synt2real_black_bg/trainB/JNTS_Woman_16_Rose.png
/data/synt2real_black_bg/trainA/527.png,/data/synt2real_black_bg/trainB/JNTS_Woman_18_Rose.png
/data/synt2real_black_bg/trainA/528.png,/data/synt2real_black_bg/trainB/JNTS_Women looking at phone_01_Kordae copy.png
/data/synt2real_black_bg/trainA/529.png,/data/synt2real_black_bg/trainB/justin_bieber_1_by_pngphotos123-d8cm4ud.png
/data/synt2real_black_bg/trainA/53.png,/data/synt2real_black_bg/trainB/justin_bieber_png_by_agus1820-d5vpw6f.png
/data/synt2real_black_bg/trainA/530.png,/data/synt2real_black_bg/trainB/kisspng-bts-love-yourself-tear-21st-century-girls-boy-in-5aedc79b250004.png
/data/synt2real_black_bg/trainA/532.png,/data/synt2real_black_bg/trainB/kisspng-businessperson-stock-photography-business-plan-man-business-woman-5abc6f292825c9.png
/data/synt2real_black_bg/trainA/533.png,/data/synt2real_black_bg/trainB/kisspng-iphone-architecture-text-messaging-telephone-man-5abcf20925df90.png
/data/synt2real_black_bg/trainA/534.png,/data/synt2real_black_bg/trainB/kisspng-landscape-architecture-architectural-rendering-arc-person-5abe0cdadf2082.png
/data/synt2real_black_bg/trainA/535.png,/data/synt2real_black_bg/trainB/kisspng-photo-shoot-photography-rolling-stone-photographer-beyonce-knowles-5abb577bd0dbb7.png
/data/synt2real_black_bg/trainA/536.png,/data/synt2real_black_bg/trainB/kisspng-photo-shoot-the-red-tour-music-sounds-of-the-seaso-full-body-5b35d00e82e675.png
/data/synt2real_black_bg/trainA/537.png,/data/synt2real_black_bg/trainB/kisspng-rendering-woman-women-5abb3e1fc34e77.png
/data/synt2real_black_bg/trainA/538.png,/data/synt2real_black_bg/trainB/kisspng-speech-conversation-small-talk-sitting-man-5ab5f6fd315182.png
/data/synt2real_black_bg/trainA/539.png,/data/synt2real_black_bg/trainB/kisspng-stock-photography-businessperson-royalty-free-5afa736b637418.png
/data/synt2real_black_bg/trainA/54.png,/data/synt2real_black_bg/trainB/kisspng-stock-photography-businessperson-walking-walk-5abe4b9ebdcf72.png
/data/synt2real_black_bg/trainA/540.png,/data/synt2real_black_bg/trainB/kisspng-wattpad-model-short-story-reading-male-krystal-jung-5b1ec5bcc527a4.png
/data/synt2real_black_bg/trainA/541.png,/data/synt2real_black_bg/trainB/kisspng-woman-girl-5af34a4369b856.png
/data/synt2real_black_bg/trainA/542.png,/data/synt2real_black_bg/trainB/kisspng-woman-rendering-clip-art-business-woman-5ac971039fb2c6.png
/data/synt2real_black_bg/trainA/543.png,/data/synt2real_black_bg/trainB/kolan-960034M-11.png
/data/synt2real_black_bg/trainA/544.png,/data/synt2real_black_bg/trainB/Lace Trim Pencil Skirt Maroon 1.png
/data/synt2real_black_bg/trainA/545.png,/data/synt2real_black_bg/trainB/Laced Sleeve Top Beige 1.png
/data/synt2real_black_bg/trainA/546.png,/data/synt2real_black_bg/trainB/Laced Sleeve Top Beige 4.png
/data/synt2real_black_bg/trainA/547.png,/data/synt2real_black_bg/trainB/Ladies-Barista-Blouse-Long-Sleeve-7.png
/data/synt2real_black_bg/trainA/548.png,/data/synt2real_black_bg/trainB/Ladies-Barista-Blouse-Long-Sleeve.png
/data/synt2real_black_bg/trainA/549.png,/data/synt2real_black_bg/trainB/Ladies-Brushed-Cotton-Twill-Blouse-Short-Sleeve-11.png
/data/synt2real_black_bg/trainA/55.png,/data/synt2real_black_bg/trainB/Ladies-Denver-Denim-Blouse-3.png
/data/synt2real_black_bg/trainA/550.png,/data/synt2real_black_bg/trainB/Ladies-Maitre-D-Blouse-8.png
/data/synt2real_black_bg/trainA/551.png,/data/synt2real_black_bg/trainB/Ladies-Oasis-Blouse.png
/data/synt2real_black_bg/trainA/552.png,/data/synt2real_black_bg/trainB/Ladies-Sentinel-Blouse-Long-Sleeve.png
/data/synt2real_black_bg/trainA/553.png,/data/synt2real_black_bg/trainB/Ladies-Studio-Jacket.png
/data/synt2real_black_bg/trainA/554.png,/data/synt2real_black_bg/trainB/Layered V Neck Midi Black 1.png
/data/synt2real_black_bg/trainA/555.png,/data/synt2real_black_bg/trainB/Layered V Neck Midi Navy 1.png
/data/synt2real_black_bg/trainA/556.png,/data/synt2real_black_bg/trainB/LewYongChuan.png
/data/synt2real_black_bg/trainA/557.png,/data/synt2real_black_bg/trainB/Light-Beige-Coat.png
/data/synt2real_black_bg/trainA/558.png,/data/synt2real_black_bg/trainB/LLC21046_CREAM_NAVY_8907.png
/data/synt2real_black_bg/trainA/559.png,/data/synt2real_black_bg/trainB/LLC21046_NAVY_CREME_9200.png
/data/synt2real_black_bg/trainA/56.png,/data/synt2real_black_bg/trainB/LLC21059_NAVY_CREAM_7314_cropped.png
/data/synt2real_black_bg/trainA/560.png,/data/synt2real_black_bg/trainB/loewy-short-sleeve-henley-t-shirt-1.png
/data/synt2real_black_bg/trainA/561.png,/data/synt2real_black_bg/trainB/loewy-short-sleeve-henley-t-shirt.png
/data/synt2real_black_bg/trainA/562.png,/data/synt2real_black_bg/trainB/Lois-Look43-920_LISBOA(M)_WHITE-BLACK.png
/data/synt2real_black_bg/trainA/563.png,/data/synt2real_black_bg/trainB/Lois_Look13_376_SKY_MOMO_KHOL_RINSE.png
/data/synt2real_black_bg/trainA/564.png,/data/synt2real_black_bg/trainB/Lois_Look3_98_SKYZ_JEEP_MEDIUM_STONE.png
/data/synt2real_black_bg/trainA/565.png,/data/synt2real_black_bg/trainB/Lois_Look42_906_MELROSE_CELINE_5_ANOS.png
/data/synt2real_black_bg/trainA/566.png,/data/synt2real_black_bg/trainB/Lois_Look45_965_SIERRA_TEMPLAR_VEIGNET.png
/data/synt2real_black_bg/trainA/567.png,/data/synt2real_black_bg/trainB/Lois_Look9_263_SKY_SIONA_TRIPLE_STONE.png
/data/synt2real_black_bg/trainA/568.png,/data/synt2real_black_bg/trainB/long-sleeve-blouse-daina.png
/data/synt2real_black_bg/trainA/569.png,/data/synt2real_black_bg/trainB/long-sleeve-blouse-gan.png
/data/synt2real_black_bg/trainA/57.png,/data/synt2real_black_bg/trainB/long-sleeve-blouse-gola.png
/data/synt2real_black_bg/trainA/570.png,/data/synt2real_black_bg/trainB/long-sleeve-blouse-simona.png
/data/synt2real_black_bg/trainA/571.png,/data/synt2real_black_bg/trainB/long-sleeve-blouse-tillie.png
/data/synt2real_black_bg/trainA/572.png,/data/synt2real_black_bg/trainB/lost-girl-50f5caa074131.png
/data/synt2real_black_bg/trainA/573.png,/data/synt2real_black_bg/trainB/LTB Sweater x27FELIMA STx27 in grau GF63328_2.png
/data/synt2real_black_bg/trainA/574.png,/data/synt2real_black_bg/trainB/lysell-short-sleeve-t-shirt.png
/data/synt2real_black_bg/trainA/575.png,/data/synt2real_black_bg/trainB/maggie.png
/data/synt2real_black_bg/trainA/576.png,/data/synt2real_black_bg/trainB/Man-in-Suit-Walking.png
/data/synt2real_black_bg/trainA/578.png,/data/synt2real_black_bg/trainB/man-overhead-view.png
/data/synt2real_black_bg/trainA/579.png,/data/synt2real_black_bg/trainB/man-png-images.png
/data/synt2real_black_bg/trainA/58.png,/data/synt2real_black_bg/trainB/man-walking-png.png
/data/synt2real_black_bg/trainA/580.png,/data/synt2real_black_bg/trainB/Man-with-Smart-Phone.png
/data/synt2real_black_bg/trainA/581.png,/data/synt2real_black_bg/trainB/manStandingCold.png
/data/synt2real_black_bg/trainA/582.png,/data/synt2real_black_bg/trainB/manSunglassesWalkingTextingFrontSide.png
/data/synt2real_black_bg/trainA/583.png,/data/synt2real_black_bg/trainB/manWalkingFrontSuit.png
/data/synt2real_black_bg/trainA/584.png,/data/synt2real_black_bg/trainB/Man_Walking_005.png
/data/synt2real_black_bg/trainA/585.png,/data/synt2real_black_bg/trainB/melrose_celine_rinse_dos.png
/data/synt2real_black_bg/trainA/586.png,/data/synt2real_black_bg/trainB/MEN-8-FF-800x800.png
/data/synt2real_black_bg/trainA/587.png,/data/synt2real_black_bg/trainB/menguin-light-gray-plaid-notch-suite-bg-white.png
/data/synt2real_black_bg/trainA/588.png,/data/synt2real_black_bg/trainB/Mens Leather Jackets-1503145618362.png
/data/synt2real_black_bg/trainA/589.png,/data/synt2real_black_bg/trainB/Mens-Fashion-Banner2-size-1.png
/data/synt2real_black_bg/trainA/59.png,/data/synt2real_black_bg/trainB/mens-fashion-png-7.png
/data/synt2real_black_bg/trainA/590.png,/data/synt2real_black_bg/trainB/MMR7AOT34BK001_07.png
/data/synt2real_black_bg/trainA/591.png,/data/synt2real_black_bg/trainB/moda-hollister-primavera-verano-2013-got-her-digits.png
/data/synt2real_black_bg/trainA/592.png,/data/synt2real_black_bg/trainB/model-mens-fashion.png
/data/synt2real_black_bg/trainA/593.png,/data/synt2real_black_bg/trainB/modelos-masculinos-png.png
/data/synt2real_black_bg/trainA/594.png,/data/synt2real_black_bg/trainB/model_png_by_missy_xox-da7f6xv.png
/data/synt2real_black_bg/trainA/595.png,/data/synt2real_black_bg/trainB/model_png_by_missy_xox-da7f7j1.png
/data/synt2real_black_bg/trainA/596.png,/data/synt2real_black_bg/trainB/model_png_by_missy_xox-dbw03b6.png
/data/synt2real_black_bg/trainA/597.png,/data/synt2real_black_bg/trainB/morris-v-neck-short-sleeve-t-shirt (1).png
/data/synt2real_black_bg/trainA/598.png,/data/synt2real_black_bg/trainB/morris-v-neck-short-sleeve-t-shirt.png
/data/synt2real_black_bg/trainA/599.png,/data/synt2real_black_bg/trainB/newcorporate.png
/data/synt2real_black_bg/trainA/6.png,/data/synt2real_black_bg/trainB/no5_0009s_0006_670-SWEATER-(M)-5340-INDIGO-THREE-06.png
/data/synt2real_black_bg/trainA/60.png,/data/synt2real_black_bg/trainB/Old-People-PNG.png
/data/synt2real_black_bg/trainA/600.png,/data/synt2real_black_bg/trainB/Overlap Back Dress Beige 1.png
/data/synt2real_black_bg/trainA/602.png,/data/synt2real_black_bg/trainB/Paneled Maxi Skirt Black 1.png
/data/synt2real_black_bg/trainA/603.png,/data/synt2real_black_bg/trainB/Paneled Maxi Skirt White 1.png
/data/synt2real_black_bg/trainA/604.png,/data/synt2real_black_bg/trainB/Paneled Pants Grey 1.png
/data/synt2real_black_bg/trainA/605.png,/data/synt2real_black_bg/trainB/Paneled Top w Back Pleats Olive 1.png
/data/synt2real_black_bg/trainA/606.png,/data/synt2real_black_bg/trainB/Paneled Top with Ribbon Olive 1.png
/data/synt2real_black_bg/trainA/607.png,/data/synt2real_black_bg/trainB/Paneled Top with Sash Blue 1.png
/data/synt2real_black_bg/trainA/608.png,/data/synt2real_black_bg/trainB/Paneled-Pencil-Skirt-White-1x.png
/data/synt2real_black_bg/trainA/609.png,/data/synt2real_black_bg/trainB/people-free-download-transparent-21.png
/data/synt2real_black_bg/trainA/61.png,/data/synt2real_black_bg/trainB/people-png-13.png
/data/synt2real_black_bg/trainA/610.png,/data/synt2real_black_bg/trainB/people-png-15.png
/data/synt2real_black_bg/trainA/611.png,/data/synt2real_black_bg/trainB/people-png-17.png
/data/synt2real_black_bg/trainA/612.png,/data/synt2real_black_bg/trainB/people-png-26.png
/data/synt2real_black_bg/trainA/613.png,/data/synt2real_black_bg/trainB/people-watching-png-4.png
/data/synt2real_black_bg/trainA/614.png,/data/synt2real_black_bg/trainB/person-backpack-png-3.png
/data/synt2real_black_bg/trainA/615.png,/data/synt2real_black_bg/trainB/phyllis-full-body-u276.png
/data/synt2real_black_bg/trainA/616.png,/data/synt2real_black_bg/trainB/Pleated Buttoned Top Black 1.png
/data/synt2real_black_bg/trainA/62.png,/data/synt2real_black_bg/trainB/png-fashion-model-6.png
/data/synt2real_black_bg/trainA/63.png,/data/synt2real_black_bg/trainB/png-file-name-camera-girl-png-dimension-701x701-image-type-png-posted-on-may-27th-2016-category-photography-tags-girl-701.png
/data/synt2real_black_bg/trainA/64.png,/data/synt2real_black_bg/trainB/png-old-man-old-man-with-walking-stick-893.png
/data/synt2real_black_bg/trainA/65.png,/data/synt2real_black_bg/trainB/png_seohyun_3_by_seolilihyun-d56f1md.png
/data/synt2real_black_bg/trainA/66.png,/data/synt2real_black_bg/trainB/PNG_Sweater-7164-343x1024.png
/data/synt2real_black_bg/trainA/67.png,/data/synt2real_black_bg/trainB/Poloralphlauren_004_20150213125621.png
/data/synt2real_black_bg/trainA/68.png,/data/synt2real_black_bg/trainB/prtf-6pktctlsap-lg.png
/data/synt2real_black_bg/trainA/69.png,/data/synt2real_black_bg/trainB/prtf-dlxglvpnt-lg.png
/data/synt2real_black_bg/trainA/7.png,/data/synt2real_black_bg/trainB/pTqr5Bzkc.png
/data/synt2real_black_bg/trainA/70.png,/data/synt2real_black_bg/trainB/purepng.png
/data/synt2real_black_bg/trainA/71.png,/data/synt2real_black_bg/trainB/random_female_model_render_by_disturbedmr-dawq8fw.png
/data/synt2real_black_bg/trainA/72.png,/data/synt2real_black_bg/trainB/rscp7091-640-x-1060.png
/data/synt2real_black_bg/trainA/73.png,/data/synt2real_black_bg/trainB/rscp7104-640-x-1060.png
/data/synt2real_black_bg/trainA/74.png,/data/synt2real_black_bg/trainB/rsc_1594.png
/data/synt2real_black_bg/trainA/75.png,/data/synt2real_black_bg/trainB/rsc_1699_640-x-1060-min.png
/data/synt2real_black_bg/trainA/76.png,/data/synt2real_black_bg/trainB/Ruffle Hem Flare Dress Black 1.png
/data/synt2real_black_bg/trainA/77.png,/data/synt2real_black_bg/trainB/runways-calvin-klein-fw17-6.png
/data/synt2real_black_bg/trainA/78.png,/data/synt2real_black_bg/trainB/runways-helmut-lang-ss18-2.png
/data/synt2real_black_bg/trainA/79.png,/data/synt2real_black_bg/trainB/ryan.png
/data/synt2real_black_bg/trainA/8.png,/data/synt2real_black_bg/trainB/ryan_boss005.png
/data/synt2real_black_bg/trainA/80.png,/data/synt2real_black_bg/trainB/s2013-13.png
/data/synt2real_black_bg/trainA/81.png,/data/synt2real_black_bg/trainB/s7-1246905_alternate1.png
/data/synt2real_black_bg/trainA/82.png,/data/synt2real_black_bg/trainB/s7-1247316_alternate1.png
/data/synt2real_black_bg/trainA/83.png,/data/synt2real_black_bg/trainB/school-girl-11528386756xlnfykcjr8.png
/data/synt2real_black_bg/trainA/84.png,/data/synt2real_black_bg/trainB/SeQdfzzJ97_7951.png
/data/synt2real_black_bg/trainA/85.png,/data/synt2real_black_bg/trainB/Shadow-Back-Stand-W-OrangeBag.png
/data/synt2real_black_bg/trainA/86.png,/data/synt2real_black_bg/trainB/Shadow-Front-Stand-W-PhonePicture-1.png
/data/synt2real_black_bg/trainA/87.png,/data/synt2real_black_bg/trainB/Shadow-Profil-Standing-M-GreyTShirt-1.png
/data/synt2real_black_bg/trainA/88.png,/data/synt2real_black_bg/trainB/Sheer-Sleeved-Blouse-Maroon-1x.png
/data/synt2real_black_bg/trainA/89.png,/data/synt2real_black_bg/trainB/Sheer-Sleeved-Blouse-White-1x.png
/data/synt2real_black_bg/trainA/9.png,/data/synt2real_black_bg/trainB/Shift Dress with Piping Olive 1.png
/data/synt2real_black_bg/trainA/90.png,/data/synt2real_black_bg/trainB/Shirtdress with Slit Sleeves Blue 1.png
/data/synt2real_black_bg/trainA/91.png,/data/synt2real_black_bg/trainB/Side Flare Dress Beige 1.png
/data/synt2real_black_bg/trainA/92.png,/data/synt2real_black_bg/trainB/Side-Slit-Flare-Pants-Beige-3x.png
/data/synt2real_black_bg/trainA/93.png,/data/synt2real_black_bg/trainB/side-view-of-a-person-standing-png-texting-while-walking-png-1293.png
/data/synt2real_black_bg/trainA/94.png,/data/synt2real_black_bg/trainB/skalgubbar_109_c_old_man_walking-379x1024.png
/data/synt2real_black_bg/trainA/95.png,/data/synt2real_black_bg/trainB/skalgubbar_113_c_walking-349x1024.png
/data/synt2real_black_bg/trainA/96.png,/data/synt2real_black_bg/trainB/skalgubbar_298_c_on_her_way_to_yoga_class_1600.png
/data/synt2real_black_bg/trainA/97.png,/data/synt2real_black_bg/trainB/skalgubbar_35_j_walking_summer-367x1024.png
/data/synt2real_black_bg/trainA/98.png,/data/synt2real_black_bg/trainB/Sleeved Textured Pencil Dress Blush 1.png
/data/synt2real_black_bg/trainA/99.png,/data/synt2real_black_bg/trainB/Sleeveless Colorblocked Top Black 1.png
/data/synt2real_black_bg/trainA/0.png,/data/synt2real_black_bg/trainB/Sleeveless Jumpsuit Blue-Grey 1.png
/data/synt2real_black_bg/trainA/10.png,/data/synt2real_black_bg/trainB/slim-medical-trouser-5-pockets-for-women-jeans.png
/data/synt2real_black_bg/trainA/100.png,/data/synt2real_black_bg/trainB/Slit Skirt Beige 1.png
/data/synt2real_black_bg/trainA/101.png,/data/synt2real_black_bg/trainB/sneakers-uomo.png
/data/synt2real_black_bg/trainA/102.png,/data/synt2real_black_bg/trainB/specs-girl-11530959968zgosudogx0.png
/data/synt2real_black_bg/trainA/103.png,/data/synt2real_black_bg/trainB/specs-girl-11530960023qkccgl22gl.png
/data/synt2real_black_bg/trainA/104.png,/data/synt2real_black_bg/trainB/Spring-Coat-PNG-Download-Image.png
/data/synt2real_black_bg/trainA/105.png,/data/synt2real_black_bg/trainB/standing person 2.png
/data/synt2real_black_bg/trainA/106.png,/data/synt2real_black_bg/trainB/standing-girl-11530969557o0qjsaizrn.png
/data/synt2real_black_bg/trainA/107.png,/data/synt2real_black_bg/trainB/standing-people-charlie-bruzzese-charlie-bruzzese-2.png
/data/synt2real_black_bg/trainA/108.png,/data/synt2real_black_bg/trainB/standing-women-11530974548y0nzxuc87q.png
/data/synt2real_black_bg/trainA/109.png,/data/synt2real_black_bg/trainB/standing-women-11530976658hb6c94kw5i.png
/data/synt2real_black_bg/trainA/11.png,/data/synt2real_black_bg/trainB/STD Pnk 1.png
/data/synt2real_black_bg/trainA/110.png,/data/synt2real_black_bg/trainB/stock_women_png_by_elcesar18-d9dexvo.png
/data/synt2real_black_bg/trainA/111.png,/data/synt2real_black_bg/trainB/Striped Culottes Grey 1.png
/data/synt2real_black_bg/trainA/112.png,/data/synt2real_black_bg/trainB/SunBack-Back-Stand-M-SkateBoard-sq.png
/data/synt2real_black_bg/trainA/113.png,/data/synt2real_black_bg/trainB/SunBack-Back-Walk-M-PatternShirt.png
/data/synt2real_black_bg/trainA/114.png,/data/synt2real_black_bg/trainB/SunBack-Diag-Walk-M-TanTShirt.png
/data/synt2real_black_bg/trainA/115.png,/data/synt2real_black_bg/trainB/SunBack-Diag-Walk-W-GreenPants.png
/data/synt2real_black_bg/trainA/116.png,/data/synt2real_black_bg/trainB/SunBack-Diag-Walk-W-OrangeBag.png
/data/synt2real_black_bg/trainA/117.png,/data/synt2real_black_bg/trainB/SunBack-Diag-Walk-W-Redhair-1.png
/data/synt2real_black_bg/trainA/118.png,/data/synt2real_black_bg/trainB/SunBack-Diag-Walk-W-RedShirt.png
/data/synt2real_black_bg/trainA/119.png,/data/synt2real_black_bg/trainB/SunBack-Front-Walk-M-WhiteShirt.png
/data/synt2real_black_bg/trainA/12.png,/data/synt2real_black_bg/trainB/SunBack-Front-Walk-M-YellowTshirt.png
/data/synt2real_black_bg/trainA/120.png,/data/synt2real_black_bg/trainB/SunBack-Profil-Walk-W-BlueOutfit.png
/data/synt2real_black_bg/trainA/121.png,/data/synt2real_black_bg/trainB/SunFront-Back-Stand-M-BackPack-1.png
/data/synt2real_black_bg/trainA/122.png,/data/synt2real_black_bg/trainB/SunFront-Back-Stand-W-Whiteskirt-1.png
/data/synt2real_black_bg/trainA/124.png,/data/synt2real_black_bg/trainB/SunFront-Diag-Walk-W-BlueDress-1.png
/data/synt2real_black_bg/trainA/125.png,/data/synt2real_black_bg/trainB/SunFront-Face-Walk-W-Beigeparka-1.png
/data/synt2real_black_bg/trainA/126.png,/data/synt2real_black_bg/trainB/SunFront-Front-Walk-W-GreenBag-1.png
/data/synt2real_black_bg/trainA/127.png,/data/synt2real_black_bg/trainB/SunFront-Prof-Walk-M-BlueShirt.png
/data/synt2real_black_bg/trainA/128.png,/data/synt2real_black_bg/trainB/SunFront-Prof-Walk-M-GreyShorts.png
/data/synt2real_black_bg/trainA/129.png,/data/synt2real_black_bg/trainB/SunFront-Prof-Walk-W-BlackOutfit.png
/data/synt2real_black_bg/trainA/13.png,/data/synt2real_black_bg/trainB/SunFront-Prof-Walk-W-GreenBag.png
/data/synt2real_black_bg/trainA/130.png,/data/synt2real_black_bg/trainB/SunFront-Profil-Walk-W-BlackOutfit-1.png
/data/synt2real_black_bg/trainA/131.png,/data/synt2real_black_bg/trainB/SunFront-Profile-Walk-M-WhiteShirt.png
/data/synt2real_black_bg/trainA/132.png,/data/synt2real_black_bg/trainB/SunFront-Profile-Walk-W-Parka-1.png
/data/synt2real_black_bg/trainA/133.png,/data/synt2real_black_bg/trainB/SunFront-Profile-Walk-W-PatternDress-1.png
/data/synt2real_black_bg/trainA/134.png,/data/synt2real_black_bg/trainB/SunProfil-Back-Walking-W-BlackSkirt-1 (1).png
/data/synt2real_black_bg/trainA/135.png,/data/synt2real_black_bg/trainB/SunProfil-Back-Walking-W-BlackSkirt-1.png
/data/synt2real_black_bg/trainA/136.png,/data/synt2real_black_bg/trainB/suzy__5_png__render__by_kwonlee-d77iy6g.png
/data/synt2real_black_bg/trainA/137.png,/data/synt2real_black_bg/trainB/Sweater_Dress_in_Grey_front.png
/data/synt2real_black_bg/trainA/138.png,/data/synt2real_black_bg/trainB/Sweater_Dress_in_Grey_side.png
/data/synt2real_black_bg/trainA/139.png,/data/synt2real_black_bg/trainB/tall-man-png-hd-businessman-png-image-businessman-png-image-businessman-png-image-350.png
/data/synt2real_black_bg/trainA/14.png,/data/synt2real_black_bg/trainB/teacher_PNG19.png
/data/synt2real_black_bg/trainA/140.png,/data/synt2real_black_bg/trainB/Textured Drape Hem Top White 1.png
/data/synt2real_black_bg/trainA/141.png,/data/synt2real_black_bg/trainB/thinManWalkingFrontWithCigarette.png
/data/synt2real_black_bg/trainA/142.png,/data/synt2real_black_bg/trainB/TH_G0494536_100_S0.png
/data/synt2real_black_bg/trainA/143.png,/data/synt2real_black_bg/trainB/Tie Jumpsuit Navy 1.png
/data/synt2real_black_bg/trainA/144.png,/data/synt2real_black_bg/trainB/TOM TAILOR DENIM TShirt crewneck tee with pocket in Schwarz Abgesteppter Saum Weicher Griff MelangeEffekt ArtikelNr TTD1420002000002_2.png
/data/synt2real_black_bg/trainA/145.png,/data/synt2real_black_bg/trainB/Tommy-Hilfiger-Women-s-Classic-Double-Breasted-Wool-Pea-Coat-Gray_Jacket---coats-Amazon-com-full-5246-401208.png
/data/synt2real_black_bg/trainA/146.png,/data/synt2real_black_bg/trainB/Total-shot-export-Final_0027_PRESLEY-_-BULL-LOVE-GIRL-MARINO-SZ000122-Lois-Jeans-1045.png
/data/synt2real_black_bg/trainA/147.png,/data/synt2real_black_bg/trainB/Total-shot-export-Final_0029_PRESLEY-_-BULL-LOVE-GIRL-MARINO-SZ000122-Lois-Jeans-1023-2.png
/data/synt2real_black_bg/trainA/148.png,/data/synt2real_black_bg/trainB/Total-shot-export_SEPT_0002_SZ000201---Lois-Jeans-736.png
/data/synt2real_black_bg/trainA/15.png,/data/synt2real_black_bg/trainB/Total-shot-export_SEPT_0058_SZ000201---Lois-Jeans-563.png
/data/synt2real_black_bg/trainA/150.png,/data/synt2real_black_bg/trainB/Total-shot-Import-3_0025_RAVAL---Lea-Soft-Colour-Black-SZ000121---Lois-Jeans-596.png
/data/synt2real_black_bg/trainA/151.png,/data/synt2real_black_bg/trainB/Tucked Drape Shirt with Piping Olive 1.png
/data/synt2real_black_bg/trainA/152.png,/data/synt2real_black_bg/trainB/university-pocket-tee1.png
/data/synt2real_black_bg/trainA/153.png,/data/synt2real_black_bg/trainB/VU_GO_01_379-e1466734656427.png
/data/synt2real_black_bg/trainA/154.png,/data/synt2real_black_bg/trainB/Waist Tie Top Pink 1.png
/data/synt2real_black_bg/trainA/155.png,/data/synt2real_black_bg/trainB/walking-man-08_orig.png
/data/synt2real_black_bg/trainA/156.png,/data/synt2real_black_bg/trainB/walking-man-png-6.png
/data/synt2real_black_bg/trainA/157.png,/data/synt2real_black_bg/trainB/walking-man-png.png
/data/synt2real_black_bg/trainA/158.png,/data/synt2real_black_bg/trainB/walking-model-on-catwalk-11530983212segbilfdqm.png
/data/synt2real_black_bg/trainA/159.png,/data/synt2real_black_bg/trainB/walter-long-sleeve.png
/data/synt2real_black_bg/trainA/16.png,/data/synt2real_black_bg/trainB/walter.png
/data/synt2real_black_bg/trainA/160.png,/data/synt2real_black_bg/trainB/Waterfall Back Top White 1.png
/data/synt2real_black_bg/trainA/161.png,/data/synt2real_black_bg/trainB/Wide Sleeve Piping Pencil Dress White 1.png
/data/synt2real_black_bg/trainA/162.png,/data/synt2real_black_bg/trainB/wimg_9282-min-min.png
/data/synt2real_black_bg/trainA/163.png,/data/synt2real_black_bg/trainB/wimg_9324-min.png
/data/synt2real_black_bg/trainA/164.png,/data/synt2real_black_bg/trainB/wimg_9346-min.png
/data/synt2real_black_bg/trainA/165.png,/data/synt2real_black_bg/trainB/wimg_9647-min.png
/data/synt2real_black_bg/trainA/166.png,/data/synt2real_black_bg/trainB/Woman+Looking+At+Something+by+Immediate+Entourage.png
/data/synt2real_black_bg/trainA/167.png,/data/synt2real_black_bg/trainB/woman-clapping.png
/data/synt2real_black_bg/trainA/168.png,/data/synt2real_black_bg/trainB/Woman-in-Jeans-and-Heels2 (1).png
/data/synt2real_black_bg/trainA/169.png,/data/synt2real_black_bg/trainB/Woman-in-Jeans-and-Heels2.png
/data/synt2real_black_bg/trainA/17.png,/data/synt2real_black_bg/trainB/woman-questioning.png
/data/synt2real_black_bg/trainA/170.png,/data/synt2real_black_bg/trainB/woman-standing-6.png
/data/synt2real_black_bg/trainA/171.png,/data/synt2real_black_bg/trainB/woman-standing-back-png-3.png
/data/synt2real_black_bg/trainA/172.png,/data/synt2real_black_bg/trainB/woman-walking.png
/data/synt2real_black_bg/trainA/173.png,/data/synt2real_black_bg/trainB/womanWalkingFrontShawl.png
/data/synt2real_black_bg/trainA/174.png,/data/synt2real_black_bg/trainB/womanwithcoffee.png
/data/synt2real_black_bg/trainA/175.png,/data/synt2real_black_bg/trainB/woman_lycra_yoga_png_by_elcesar18-d9dgb58.png
/data/synt2real_black_bg/trainA/176.png,/data/synt2real_black_bg/trainB/women-shopping-png-hd-women-shopping-hd-free-png-image-2832.png
/data/synt2real_black_bg/trainA/177.png,/data/synt2real_black_bg/trainB/Womens Leather Jackets-1503145749885.png
/data/synt2real_black_bg/trainA/178.png,/data/synt2real_black_bg/trainB/wrsc_8864_640-x-1060-min.png
/data/synt2real_black_bg/trainA/179.png,/data/synt2real_black_bg/trainB/www.png
/data/synt2real_black_bg/trainA/18.png,/data/synt2real_black_bg/trainB/XYS51-3861-1-2.png
/data/synt2real_black_bg/trainA/180.png,/data/synt2real_black_bg/trainB/XYS68-3849-1-2.png
/data/synt2real_black_bg/trainA/181.png,/data/synt2real_black_bg/trainB/youthManWalkingFrontSide.png
/data/synt2real_black_bg/trainA/182.png,/data/synt2real_black_bg/trainB/zara-mid-rise-cigarette-jeans.png
/data/synt2real_black_bg/trainA/183.png,/data/synt2real_black_bg/trainB/zara-oversized-shirt.png
/data/synt2real_black_bg/trainA/184.png,/data/synt2real_black_bg/trainB/zara-roses-parka.png
/data/synt2real_black_bg/trainA/185.png,/data/synt2real_black_bg/trainB/zara-sweater-with-side-slits.png
/data/synt2real_black_bg/trainA/186.png,/data/synt2real_black_bg/trainB/zara-v-neck-sweater.png
/data/synt2real_black_bg/trainA/187.png,/data/synt2real_black_bg/trainB/zara-zipped-jogging-trousers-1.png
/data/synt2real_black_bg/trainA/188.png,/data/synt2real_black_bg/trainB/zara-zipped-jogging-trousers.png
/data/synt2real_black_bg/trainA/189.png,/data/synt2real_black_bg/trainB/zcX5kLXMi.png
/data/synt2real_black_bg/trainA/19.png,/data/synt2real_black_bg/trainB/_0002_SIERRA-_-Siona-Triple-Stone-SZ000121---Lois-Jeans-672.png
/data/synt2real_black_bg/trainA/190.png,/data/synt2real_black_bg/trainB/_0003_SZ000120---Lois-761_SIERRA-Narau-Double-Stone.png
/data/synt2real_black_bg/trainA/191.png,/data/synt2real_black_bg/trainB/_0013_SZ000120---Lois-654_SANTIAGO-LY-Siona-Medium-Stone.png
/data/synt2real_black_bg/trainA/192.png,/data/synt2real_black_bg/trainB/_0018_SZ000120---Lois-561_BOLT-Z-Marina-Dirty-Bleach.png
